{"cameraMode":{"drawMode":0,"name":"Shaded","section":"Shading Mode"},"sceneLighting":true,"audioPlay":false,"sceneViewState":{"showFog":false,"showMaterialUpdate":false,"showSkybox":false,"showFlares":false,"showImageEffects":false,"showParticleSystems":false},"in2DMode":false,"pivot":{"x":0.9188876152038574,"y":0.39733946323394778,"z":-25.887218475341798},"rotation":{"x":0.025377634912729265,"y":-0.9622356295585632,"z":0.25113266706466677,"w":0.10218923538923264},"size":0.9062209129333496,"orthographic":false}